id,tag,header,intro,date,body,url
50dfca5ebeb09905eb04b0f326f6a6a85df70b895d3553b8805f2b3c3eb735b5,Sustainability,Solar panels made from moon dust could power future lunar colonies,"Scientist want to generate solar energy by turning moon dust into ""moonglass""","April 4, 2025 - 1:38 pm","Future lunar bases could run on solar panels forged from molten moon dust, turning the Moon‚Äôs surface into an energy source,  thanks to a new research breakthrough.¬† 
 Scientists at the University of Potsdam have engineered so-called ‚Äúmoonglass‚Äù solar cells made by melting artificial moon dust or ‚Äúregolith‚Äù and then combining it with a layer of perovskite crystal to create a working solar panel.¬† 
 The device could be lighter, cheaper, and more radiation-resistant than the panels already used in  space , said the researchers. Their results were published in the journal  Device  this week. 
 Today, solar panels power satellites, space stations, and Mars and lunar rovers. All these arrays are currently built on Earth and launched into space. But as humanity pushes for a permanent lunar presence, the need for solar power is set to skyrocket ‚Äî and so will the cost of getting panels there. 
 TNW Conference - The 2025 Agenda has just touched down Discover the insightful and dare we say controversial sessions that will take place June 19-20. 
                         Check It Out 
                     Felix Lang, lead author of the paper, said that while the silicon-based solar cells used in space now are ‚Äúamazing‚Äù ‚Äî reaching efficiencies of 30% to 40% ‚Äî they are very expensive. They are also heavy because they use glass or a thick foil as a cover. ‚ÄúIt‚Äôs hard to justify lifting all these cells into space,‚Äù he said. 
 Harnessing the Moon‚Äôs own regolith could be a game-changer. By creating moonglass directly on the lunar surface and pairing it with a thin layer of perovskite crystals brought from Earth, the researchers found they could slash launch mass by 99%. 
 Building solar panels on the Moon 
 An artist‚Äôs impression of future solar cell fabrication on the Moon. Credit: Sercan √ñzen 
 Once the materials are collected, turning them into solar panels on the Moon would require ‚Äúminimal equipment,‚Äù according to the researchers, because they can be made with raw regolith that doesn‚Äôt need to be pre-processed. The team says¬†they have already achieved promising results by using a large curved mirror and sunlight to focus a beam hot enough to melt regolith into moonglass. 
 Since moonglass is made from raw regolith, it‚Äôs milky-white instead of transparent, limiting its light-harvesting potential. The best prototypes from the Potsdam team reached about 12% efficiency ‚Äî roughly half that of conventional perovskite cells. But simulations suggest they could eventually match the efficiency of conventional perovskite cells.¬† 
 Nicholas Bennett at the University of Technology Sydney told  New Scientist  that this is the first successful use of moonglass in a functioning solar cell. The real challenge now, he says, is producing large quantities of the stuff outside of the lab. 
 Moonglass panels are the latest in a string of high-tech bids to lay the foundations for a permanent human presence on the Moon. Other planned projects include using moon dust to  3D-print a lunar base , building  oxygen extraction systems  from regolith, and even building  space mirrors  that melt the Moon‚Äôs ice into drinking water. 
 Space age technologies will be appearing on Earth during¬† TNW Conference , which takes place on June 19-20 in Amsterdam.  Tickets¬†for the event are  now on sale . Use the code TNWXMEDIA2025 at the check-out to get 30% off the price tag. 
                         

                         
                             
                                 

                                 
                                     
                                 
                             
                             
                                 
                                     
                                        Story by
                                     

                                     
                                         
                                            Si√¥n Geschwindt
                                         
                                     
                                 

                                
                                                                     
                                         

                                         
                                            Si√¥n is a climate and energy reporter at TNW. From nuclear fusion to escooters, he covers the length and breadth of Europe's clean tech ecos

                                                                                             
                                                    (show all)
                                                 
                                                                                     

                                         
                                            Si√¥n is a climate and energy reporter at TNW. From nuclear fusion to escooters, he covers the length and breadth of Europe's clean tech ecosystem. He's happiest sourcing a scoop, investigating the impact of emerging technologies, and even putting them to the test. Si√¥n has five years journalism experience and holds a dual degree in media and environmental science from the University of Cape Town, South Africa.
                                         
                                     
                                                             
                         

                         
                                                         Get the TNW newsletter 
                             Get the most important tech news in your inbox each week. 
                             
                         

                        
                                                     Also tagged with 

                             

                             
                                                                     
                                         Space 
                                     
                                                                     
                                         Space station 
                                     
                                                             
                        
                         
                             
                                Published  April 4, 2025 - 1:38 pm UTC 
                             

                             Back to top",https://thenextweb.com/news/solar-panels-made-from-moon-dust-to-power-lunar-colonies
08a6625bdba946ebea6732397057373e6d0d889d7cc216bfd576428464b8de36,Ecosystems,The 5 hottest scaleups in Benelux enter TECH5‚Äôs ‚ÄòChampions League of Tech‚Äô,"Gain.pro, Eye Security, Gorilla, Dexter Energy, and DataSnipper have qualified for the regional finals of TECH5","March 28, 2025 - 7:00 am","Five high-flying scaleups from the Benelux region have made it into TECH5 ‚Äî¬†the ‚ÄúChampions League of Technology.‚Äù 
 The classy quintet joins an exclusive group of Europe‚Äôs fastest-growing tech companies. Over the next two months, they will join six other regions ‚Äî the Nordics, Southern Europe, France, the Baltic States, DACH, and the UK & Ireland ‚Äî in a competition for the crown of hottest scaleup on the continent.¬† 
 The contest will conclude on June 19-20, when the TECH5 champion will be announced on the main stage of  TNW Conference . But first, the contenders have to win their regional title. 
 The challengers from the Netherlands, Belgium, and Luxembourg were selected based on an analysis of their growth, impact, and future potential. Our evaluation led us to the following five finalists, listed in random order: 
 1. DataSnipper 
 3 free tickets to TNW Conference? Get them now! For a limited time, groups can get up to three extra free tickets! Book now and increase your visibility and connections at TNW Conference 
                         Get Tickets 
                     DataSnipper  has emerged as a shining star of Dutch tech. Over 500,000 audit and finance professionals across more than 125 countries now use the scaleup‚Äôs AI-powered software, which automates repetitive finance and audit procedures.¬† 
 The company was profitable early on, scaled rapidly, and recently hit a $1bn valuation. Under the leadership of CEO Vidya Peters ‚Äî¬†one of the  star speakers  at this year‚Äôs TNW Conference ‚Äî DataSnipper has be,en ranked by Deloitte as the fastest-growing tech firm in the Netherlands for two years in a row. 
 After finding success in Europe, the company has expanded globally, opening new offices in New York, Tokyo, Kuala Lumpur, and Mexico City. ‚ÄúThat‚Äôs been a huge component of DataSnipper‚Äôs growth,‚Äù Peters  told TNW  last month. ‚ÄúAnother is investing in AI.‚Äù 
 2. Dexter Energy 
 Dexter Energy  plans to transform the renewable energy landscape. To achieve this grand ambition, the scaleup provides AI-driven forecasting and trading-as-a-service for the short-term trading cycle. By making renewables trading profitable, Dexter Energy wants to accelerate the transition to a cleaner, more affordable energy future. 
 ‚ÄúWith our products, we empower energy companies across Europe to unlock the full  potential of their wind, solar, and battery portfolios, maximising efficiency, profitability,  and sustainability,‚Äù the company told TNW. 
 These plans have progressed rapidly since Dexter Energy was founded in Amsterdam in 2017. Last year, the scaleup reduced emissions equivalent to those produced by 100,000 households ‚Äî a figure that‚Äôs been doubling annually. 
 3. Gorilla 
 Representing Belgium,  Gorilla  is reinventing the operations of energy retailers. The company supplies clients with real-time data and analytics, which lead to faster pricing, smarter decisions, and full visibility from sales to hedging.¬† 
 ‚ÄúOur ambition is to become the commercial brain of energy retail,‚Äù Gorilla told TNW. ‚ÄúThe impact? A more agile industry that can actually keep up with climate, policy, and consumer change.‚Äù 
 Founded in 2018, the Antwerp-based scaleup has partnered with many of the world‚Äôs top energy providers, including Shell, ScottishPower, ENGIE, and Centrica Business Solutions. Investors have been impressed by the progress. Last year, Gorilla raised ‚Ç¨23mn in a Series B round led by US VC firm Headline. 
 4. Eye Security 
 Top-tier cybersecurity is often inaccessible to SMEs. Enterprise-grade solutions can be prohibitively expensive and complex. As a result, countless companies are left vulnerable to cyber threats.¬† 
 Eye Security  plans to change that. The Dutch scaleup combines a 24/7 managed security operations centre (SOC), integrated cyber insurance, and expert-led incident response to streamline safeguards for SMEs. 
 The company‚Äôs founders have deep experience with digital threats. Before launching Eye Security in 2020, all three of them were national security employees. They‚Äôre now focused on supporting the most vulnerable businesses. ‚ÄúOur approach simplifies protection ‚Äî combining advanced threat detection with insurance in one seamless service,‚Äù the team told TNW. 
 5. Gain.pro 
 In the lucrative world of private market intelligence,  Gain.pro  aspires to set the global standard. The Amsterdam-based fintech has developed a platform that unearths powerful insights to guide investment decisions.¬† 
 Inside the platform, human curation and generative AI combine to find, understand, and track companies that matter to each user. The benefits have attracted an illustrious list of clients ‚Äî including all the MBB (McKinsey, Bain, BCG) and Big 4 (Deloitte, EY, KPMG, PwC) advisory firms. 
 ‚ÄúOur platform brings together verified public information and proprietary insights, empowering users to focus on high-value work that truly sets them apart,‚Äù Gain.pro told TNW. ‚ÄúIn doing so, we‚Äôre making the world of M&A more transparent, efficient, and fair.‚Äù 
 What‚Äôs next for the TECH5 scaleups? 
 All five of these scaleups would make worthy winners for Benelux, but only one can triumph. The victor will be announced soon. Stay tuned next week to meet the next region‚Äôs challengers for the TECH5 title. 
 TECH5 is part of a packed programme for ¬† TNW Conference , which takes place on June 19-20 in Amsterdam. Tickets for the  event  are  now on sale . Use the code TNWXMEDIA2025 at the check-out to get 30% off the price tag. 
                         

                         
                             
                                 

                                 
                                     
                                 
                             
                             
                                 
                                     
                                        Story by
                                     

                                     
                                         
                                            Thomas Macaulay
                                         
                                     
                                 

                                                                     
                                        Managing editor
                                     
                                
                                                                     
                                         

                                         
                                            Thomas is the managing editor of TNW. He leads our coverage of European tech and oversees our talented team of writers. Away from work, he e

                                                                                             
                                                    (show all)
                                                 
                                                                                     

                                         
                                            Thomas is the managing editor of TNW. He leads our coverage of European tech and oversees our talented team of writers. Away from work, he enjoys playing chess (badly) and the guitar (even worse).
                                         
                                     
                                                             
                         

                         
                                                         Get the TNW newsletter 
                             Get the most important tech news in your inbox each week. 
                             
                         

                        
                                                     Also tagged with 

                             

                             
                                                                     
                                         tech 
                                     
                                                                     
                                         Investor 
                                     
                                                                     
                                         Tech5 
                                     
                                                                     
                                         TNW Conference 
                                     
                                                             
                        
                         
                             
                                Published  March 28, 2025 - 7:00 am UTC 
                             

                             Back to top",https://thenextweb.com/news/5-hottest-benelux-scaleups-enter-tech5-champions-league
c9f2fd64732205fdba493aa96b9767e19926183725dce937bfa71650c16bc715,Deep tech,Orbital rocket launches from Western Europe for first time,"Isar Aerospace hailed the launch a ""great success"" ‚Äî despite it ending in a fireball","March 30, 2025 - 8:38 pm","German startup Isar Aerospace launched its Spectrum rocket from And√∏ya Spaceport in Norway today, marking the first-ever vertical orbital rocket launch in Western Europe. 
 Spectrum blasted off at 12:30 PM CEST (11:30 BST) but lost control at about 25 seconds into the flight. A video from the launch shows the rocket wobble, pitch over, and then plummet back to the ground, where it collided with the ocean, causing a large explosion. The launchpad remains intact and no one was injured, Isar said. 
 
 Drone and pad footage from Isar Aerospace‚Äôs Spectrum launch. You can see it avoided the pad when it came down.  pic.twitter.com/NePozHqYad 
 ‚Äî NSF ‚Äì NASASpaceflight.com (@NASASpaceflight)  March 30, 2025 
 
 Despite a quick and abrupt end to Spectrum‚Äôs inaugural flight, Isar‚Äôs CEO and co-founder Daniel Metzler hailed the launch as a ‚Äúgreat success.‚Äù 
 Robert Doornbos (FR driver), Pernilla Sj√∂holm (Tinder Swindler survivor) & more Check out every speaker at TNW Conference including Hugging Face, ASML, OpenAI & Datasnipper 
                         Take me there 
                     ‚ÄúWe had a clean liftoff, 30 seconds of flight,¬†and even got to validate our flight termination system,‚Äù Metzler said. ‚ÄúWith this result, we feel confident to approach our second flight.‚Äù 
 Spectrum‚Äôs first flight carried no payload. Isar Aerospace said the aim of the launch was ‚Äúto collect as much data and experience as possible.‚Äù 
 The 28-meter¬†(91-foot) Spectrum is a two-stage launch vehicle designed to propel small and medium-sized satellites into orbit. 
 The company expects to produce as many as 40 rockets per year from its new factory, which is currently under construction outside its headquarters in Munich. Spectrum launch vehicles 2 and 3 are already in production, Isar said. 
 Spectru m‚Äôs in augural flight marks the first-ever ver tical orbital  rocket launch i n cont inental E urope  outside Russia.   
 V ir gin Orbit a ttempt ed an  orbital la un ch from the UK  in 2 0 2 3, but ¬†the plan failed. E urope‚Äôs  other rockets, Aria n e  6 and  Vega C, launch from Europe‚Äôs main  space port in F rench Guiana,  South America . 
 Isar Aerospace  is the   first  private  space company to use And√∏ya Spaceport, which officially  opened ¬†in 2023. The spaceport, loc ated close  to the Arctic Circle , offe rs easy access  to  polar and su n-sync hronous orbits  ‚Äî i deal for Earth observation ¬†and  spy satellites. 
 Isar Aerospace signed a deal in February with  the N orwegian Sp ace Ag ency  to lau nch its  Arctic Ocea n Surve illance   (AOS) prog ram satellites until 2028.  The com pany l ooks to la unch up  to 15 missions per year from  And √∏ya, at a cost of aro und ‚Ç¨1 0mn per flight. 
 Opening up orbital launches from Western Europe promises to simplify logistics for European satellite operators by eliminating the need to ship payloads overseas. Access to smaller, cheaper launch vehicles that can place a single satellite in orbit could also offer a more flexible, fast, and precise alternative to ride-sharing. 
 Then there are the geopolitical considerations. Launching from continental Europe would reduce reliance on foreign launch providers like SpaceX, enhancing sovereign access to space amid growing geopolitical tensions. 
 Metzler touched on  that point in a statement last week: ‚ÄúIn today‚Äôs geopolitical climate, our first test flight is about much more than a rocket launch.‚Äù 
 Founded  in 2018  as a spin-off   f rom Techni cal University Munich, Isar Aerospace has secured ‚Ç¨400mn to date, making it Europ e‚Äôs mo st  well- f unded  private  space company. 
 While And√∏ya is Europe‚Äôs first continental spaceport, others are underway, the most advanced being the  SaxaVord spaceport  in the Shetlan d Island s off Scotland. 
 Rocket Factory Augsburg, a rival to Isar,  was m eant to launch from the site last year.  Howeve r, the startup suffered a major setback after its  rocket exploded   during   a st atic-fire test , pushing back  its in augu ral f light to later this year.¬†¬† 
                         

                         
                             
                                 

                                 
                                     
                                 
                             
                             
                                 
                                     
                                        Story by
                                     

                                     
                                         
                                            Si√¥n Geschwindt
                                         
                                     
                                 

                                
                                                                     
                                         

                                         
                                            Si√¥n is a climate and energy reporter at TNW. From nuclear fusion to escooters, he covers the length and breadth of Europe's clean tech ecos

                                                                                             
                                                    (show all)
                                                 
                                                                                     

                                         
                                            Si√¥n is a climate and energy reporter at TNW. From nuclear fusion to escooters, he covers the length and breadth of Europe's clean tech ecosystem. He's happiest sourcing a scoop, investigating the impact of emerging technologies, and even putting them to the test. Si√¥n has five years journalism experience and holds a dual degree in media and environmental science from the University of Cape Town, South Africa.
                                         
                                     
                                                             
                         

                         
                                                         Get the TNW newsletter 
                             Get the most important tech news in your inbox each week. 
                             
                         

                        
                        
                         
                             
                                Published  March 30, 2025 - 8:38 pm UTC 
                             

                             Back to top",https://thenextweb.com/news/orbital-rocket-launches-from-western-europe-for-first-time
3f109c2e32aad64c5a991321d0920df3c468f3898d9f312ce3dad69e37cddfab,Deep tech,Airbus to build lander for Europe‚Äôs first Mars rover after Russia dropped,Airbus has secured a ¬£150m contract to build the lander,"March 31, 2025 - 12:53 pm","The European Space Agency‚Äôs (ESA) Rosalind Franklin rover is back on course for a landmark trip to Mars, where it will probe the red planet for signs of extraterrestrial life.¬† 
 ESA initially designed the Mars rover alongside Roscosmos, Russia‚Äôs space agency, as part of the ExoMars programme. The vehicle was set to launch in 2022, but when Russia invaded Ukraine, ESA severed ties with Moscow, putting the mission in jeopardy. Rosalind Franklin ‚Äî named after  the British chemist whose work was crucial to understanding the structure of DNA‚Äî  was left without several key components, including a landing platform to safely touch down on the Martian surface.¬† 
 But now, ESA and  Thales Alenia Space, the prime contractor for the ExoMars mission,  have issued Airbus a  ¬£150mn contract to build a new lander at the company‚Äôs facility in Stevenage, UK. The British government will fund the lander via the UK Space Agency.¬†¬† 
 ‚ÄúGetting the Rosalind Franklin rover onto the surface of Mars is a huge international challenge and the culmination of more than 20 years‚Äô work,‚Äù said Kata Escott, managing director at Airbus Defence and Space UK, which also designed and built the rover.¬†¬†¬†¬† 
 The ExoMars spacecraft is set to launch from the US in 2028. Arrival on Mars is expected by 2030.¬† The üíú of EU tech The latest rumblings from the EU tech scene, a story from our wise ol' founder Boris, and some questionable AI art. It's free, every week, in your inbox. Sign up now! 
 If successful, it will be Europe‚Äôs first rover to be sent to Mars. The US space agency NASA already has two in operation‚Äî Perseverance and Opportunity ‚Äî while China has one, called Zhurong. 
 The trip to Mars 
 UK Technology Secretary Peter Kyle next to a mockup of the ExoMars Rosalind Franklin rover at Airbus‚Äôs facility in Stevenage in the UK. Credit: DSIT 
 As the spacecraft approaches Mars, the lander ‚Äî carrying the rover ‚Äî will separate and begin its rapid descent into the atmosphere. A combination of a heat shield, parachutes, and braking rockets will slow down the lander  just before touchdown.¬† 
 Once on the surface, the lander will deploy ramps, allowing the rover to drive off and begin its exploration.  Rosalind Franklin‚Äôs instruments will look for evidence of past and present Martian life. The rover includes a drill designed to probe as deep as two metres into the surface, acquiring samples shielded from radiation on the surface. It‚Äôs designed to operate for at least seven months.¬† 
 Since its fallout with Russia, ESA has secured new agreements for various components of the ExoMars spacecraft, including a contract with NASA to supply adjustable braking engines for the landing platform and radioisotope heating units (RHUs). These RHUs use radioactive decay to generate heat, preventing the rover from freezing in the frigid Martian environment. 
                         

                         
                             
                                 

                                 
                                     
                                 
                             
                             
                                 
                                     
                                        Story by
                                     

                                     
                                         
                                            Si√¥n Geschwindt
                                         
                                     
                                 

                                
                                                                     
                                         

                                         
                                            Si√¥n is a climate and energy reporter at TNW. From nuclear fusion to escooters, he covers the length and breadth of Europe's clean tech ecos

                                                                                             
                                                    (show all)
                                                 
                                                                                     

                                         
                                            Si√¥n is a climate and energy reporter at TNW. From nuclear fusion to escooters, he covers the length and breadth of Europe's clean tech ecosystem. He's happiest sourcing a scoop, investigating the impact of emerging technologies, and even putting them to the test. Si√¥n has five years journalism experience and holds a dual degree in media and environmental science from the University of Cape Town, South Africa.
                                         
                                     
                                                             
                         

                         
                                                         Get the TNW newsletter 
                             Get the most important tech news in your inbox each week. 
                             
                         

                        
                                                     Also tagged with 

                             

                             
                                                                     
                                         Space 
                                     
                                                                     
                                         European Space Agency 
                                     
                                                             
                        
                         
                             
                                Published  March 31, 2025 - 12:53 pm UTC 
                             

                             Back to top",https://thenextweb.com/news/airbus-replaces-russia-to-build-lander-for-europes-first-mars-rover
77fcfa95ef44a3f0a0a659f5893d2ce8d800ad1ece71f31ebc188f4cd5b5e6db,Future of work,Lucien Engelen: Wellbeing tech is the new battleground for top talent,"Ahead of his talk at TNW Conference, healthcare expert Lucien Engelen shared his vision for the future of workplace perks","April 1, 2025 - 10:01 am","Gone are the days when a bean bag and free kombucha made your office cool. Today‚Äôs top tech talent wants something far more valuable: their health. That‚Äôs the view of Lucien Engelen, a renowned healthcare innovation expert, who believes workplace wellbeing is about to spark a seismic shift. This transition will not only transform employment perks, but also create a new tech market. 
 Engelen‚Äôs vision draws on deep experience.¬†Across three decades in healthcare, his work has spanned acute care, ambulance services, and dispatch centres. As the founding director of the REshape Center of the Radboud University Medical Center, he spent eight years developing and implementing healthcare technologies, grabbing headlines for efforts to  integrate patients  in their own care and improve service provision  with social media . 
 Today, he focuses on running Transform.Health, which assists organisations such as Vodafone, Erasmus University Medical Center, Deloitte, and Sanofi in their healthcare strategies. He also delivers 100 keynotes a year across the globe about the subject.  
 These roles revealed a fundamental flaw in conventional treatment. ‚ÄúWe‚Äôve built a sick care system, not a healthcare system,‚Äù he says. 
 Engelen compares the problem to bad plumbing.   ‚ÄúWe wait until water gushes out of the wall before fixing the leak, instead of turning off the tap.‚Äù  3 free tickets to TNW Conference? Get them now! For a limited time, groups can get up to three extra free tickets! Book now and increase your visibility and connections at TNW Conference 
                         Get Tickets 
                     
 For Engelen, the fix is obvious. We need to shift the focus from treating illnesses to preventing them. And employers have a crucial role to play. 
 At  TNW Conference  on June 19, Engelen will share his vision in full during a talk titled ‚ÄúCODE RED: Why the Future of Work is the Future of Health.‚Äù Ahead of the event, he shared a glimpse of what to expect. 
 Employers as catalysts for wellbeing 
 The business case for staff wellbeing is obvious: healthier employees deliver higher performance. Illness, stress, and long waits for medical care drain their productivity and availability. 
 ‚ÄúIf it takes eight weeks to get a consultation, that‚Äôs eight weeks of lower productivity,‚Äù Engelen notes. ‚ÄúAnd if they leave due to poor health, replacing them can cost about ‚Ç¨40,000 in rehiring and training someone to reach the same level.‚Äù 
 To stay ahead, forward-thinking employers are getting proactive. Instead of waiting for health problems to arise, they‚Äôre offering services that can prevent them.¬† 
 Technology is rapidly expanding the possibilities. From digital wellbeing  apps  and fitness trackers to online therapy, these perks are becoming a competitive advantage in attracting elite workers.¬† 
 As Engelen says, ‚ÄúWe‚Äôre all fishing in the same bucket of talent.‚Äù 
 To attract that talent, he urges  employers to apply a broader concept of wellbeing. ‚ÄúIt‚Äôs not only about your physical health. There‚Äôs¬†also your mental health, and even your social health and financial health.‚Äù 
   Gradually, this holistic model is shaping modern  workplaces. 
 The next generation 
 For employers, mental health services have become a growing focus ‚Äî and with good reason. Deloitte research found that UK organisations investing in mental health support see an average return of  five to one . 
 The benefits could be especially impactful for younger workers. A  recent study  by PwC found that almost four in 10 Gen Z employees in the UK have seriously considered leaving their jobs in the last year, with mental health ‚Äúa major driver.‚Äù¬† 
 Digital services offer promising solutions. Yet they also introduce new challenges. 
 ‚ÄúThe same Gen Z that is willing to step down due to mental health concerns also thinks privacy is very important ‚Äî for the right reasons,‚Äù Engelen says. ‚ÄúThe challenge now for companies is offering solutions without sacrificing their privacy.‚Äù 
 Engelen sees employers addressing this by offering third-party services that staff can use confidentially, away from the prying eyes of bosses or colleagues. For instance, they‚Äôre providing anonymised access to online mental health services and fitness apps connected to gyms outside the company ‚Äî with no  data  flowing back to the business. 
 This growing focus on employee wellbeing also has powerful potential for  tech  firms. Engelen envisions a new market emerging for them. 
 ‚ÄúWe‚Äôll see an increase in Big Tech closing big contracts with big corporates,‚Äù he says.¬† 
 ‚ÄúWe will also see Big Tech acquiring more startups in this sector than ever before, because they can not only get this technology scaled, but also access a market that is willing to pay for it. Now that employers see the real financial benefit of this, it is going to create a new revenue stream.‚Äù 
 For tech companies, this is a lucrative opportunity. The same is true for employers.¬† 
 The future of wellbeing in the workplace 
 The benefits of healthy workplaces are well-established. Researchers have found that the ROI on employee wellness programs  can be  six to one.¬† 
 ‚ÄúEmployers are realising that investing in prevention is far cheaper than paying for treatment or replacing talent ‚Äî and can also attract talent,‚Äù Engelen explains. 
 Accessibility to digital wellbeing is also set to increase. Integration layers are connecting more and more healthcare apps, creating new approaches to medical care. The EU, meanwhile, recently ratified the European Health Data Space regulation, which will enforce mandatory access to medical records on users‚Äô smartphones. 
 As the technology progresses and enters the workplace, the ripple effects could improve lives and productivity, while alleviating pressure on overburdened health systems. 
 By embracing wellbeing tech, Engelen believes employers can accelerate a shift from reactive healthcare to proactive prevention. 
 ‚ÄúThe technology is already there,‚Äù he says. ‚ÄúWhat‚Äôs changing is how we‚Äôre using it. Employers have realised that investing in health and wellbeing is not just good for their people ‚Äî it‚Äôs good for business.‚Äù ¬† 
 Lucien Engelen will be among the  standout speakers  at  TNW Conference , which takes place on June 19-20 in Amsterdam.  Tickets¬†for the event are  now on sale . Use the code TNWXMEDIA2025 at the check-out to get 30% off the price tag. 
                         

                         
                             
                                 

                                 
                                     
                                 
                             
                             
                                 
                                     
                                        Story by
                                     

                                     
                                         
                                            Thomas Macaulay
                                         
                                     
                                 

                                                                     
                                        Managing editor
                                     
                                
                                                                     
                                         

                                         
                                            Thomas is the managing editor of TNW. He leads our coverage of European tech and oversees our talented team of writers. Away from work, he e

                                                                                             
                                                    (show all)
                                                 
                                                                                     

                                         
                                            Thomas is the managing editor of TNW. He leads our coverage of European tech and oversees our talented team of writers. Away from work, he enjoys playing chess (badly) and the guitar (even worse).
                                         
                                     
                                                             
                         

                         
                                                         Get the TNW newsletter 
                             Get the most important tech news in your inbox each week. 
                             
                         

                        
                                                     Also tagged with 

                             

                             
                                                                     
                                         tech 
                                     
                                                                     
                                         data 
                                     
                                                                     
                                         TNW Conference 
                                     
                                                                     
                                         Apps 
                                     
                                                             
                        
                         
                             
                                Published  April 1, 2025 - 10:01 am UTC 
                             

                             Back to top",https://thenextweb.com/news/lucien-engelen-wellbeing-tech-the-next-frontier-in-talent-attraction
6a3921c525328149e5097dd103e7ada257e2af6372a195987a5a500dd3fde120,Sustainability,Soaring AI energy use sparks call to ‚Äòfundamentally redesign‚Äô computing,A new report from World Fund recommends three technologies to decarbonise AI,"April 1, 2025 - 11:30 am","One of Europe‚Äôs leading climate tech VC firms has called for a ‚Äúfundamental redesign‚Äù of traditional computing methods amid surging energy consumption  from¬†AI applications. 
 The Berlin-based World Fund warns that simply transitioning data centres to renewable power will not be enough to fully decarbonise AI compute.¬† 
 ‚ÄúWe need to rethink the way we go about computing, from the materials and chips we use to software we run,‚Äù Daria Saharova, founding partner at World Fund, said at the  Future  of Green Computing  event in Munich today.¬†¬† 
 At the event, World Fund joined Dealroom and Intel‚Äôs deeptech accelerator Ignite to unveil a new report that proposes a set of emerging technologies ‚Äî from chips made in space to  processors that mimic the brain ‚Äî to curb AI‚Äôs enormous appetite for energy and usher in a new era of greener computing.¬† 
 Robert Doornbos (FR driver), Pernilla Sj√∂holm (Tinder Swindler survivor) & more Check out every speaker at TNW Conference including Hugging Face, ASML, OpenAI & Datasnipper 
                         Take me there 
                     Using data from Dealroom, the report maps out the green computing ecosystem. It identifies 65  startups  in this space, 54 of which are European, which have collectively raised $900mn. Over half of these companies were founded within the past five years, with 12 emerging in just the last 12 months.¬† 
 A greener vision of AI 
 The report highlights three key technologies that hold the most potential to decarbonise AI.¬† 
 The first is advanced semiconductor materials such as Gallium Nitride (GaN), Silicon Carbide (SiC), and graphene. These could significantly reduce AI‚Äôs energy consumption by improving efficiency and thermal performance in computing hardware.¬† 
 One of the leading innovators in this space is Welsh startup  Space Forge . The company is leveraging the microgravity, vacuum, and extreme temperatures of space to produce semiconductors that it claims are three to five times purer than those made on Earth.¬† 
 ‚ÄúWe‚Äôve pushed the efficiency of silicon chips to their limit,‚Äù said Joshua Western, CEO and cofounder at  Space Forge . 
 Another promising avenue lies in new computing paradigms, such as quantum, neuromorphic, and optical computing.  Quantum computers , for instance, promise to solve complex calculations much faster than classical machines, potentially reducing computational time and overall energy consumption.¬† 
 ‚ÄúClassical computers are getting too big, too expensive, and use too much energy and water,‚Äù said  In√©s De Vega ,  VP of innovation at  IQM , Europe‚Äôs best-funded quantum computing startup.  ‚ÄúQuantum computing can both find new solutions to  climate change  but also drastically reduce the overall energy consumption of computing itself.‚Äù 
 Another type of computing gaining traction is optical computing, which leverages photons ‚Äî particles of light ‚Äî instead of electrons. It could dramatically increase processing speed, as demonstrated by Germany‚Äôs Black Semiconductor. The company‚Äôs photonics processors could transmit signals 100 to 1,000 times faster than traditional electronic chips. 
 Anastasiia Nosova, a former chip engineer at German semiconductor giant  Infineon  and host of the  Anastasi In Tech podcast, argued that  photonic chips could be 100 times more energy efficient than regular silicon semiconductors. ‚ÄúThey are one of the most important developments in computing right now,‚Äù she said at the Munich event..¬†¬† 
 While hardware fixes will be critical, there‚Äôs also work to be done in advanced software that makes AI‚Äôs energy use more efficient. One of the startups working on this is London-based Deep Render. The company uses  deep learning  to compress files while retaining quality beyond what was previously possible. This reduces the volume of data that needs to be transmitted or stored, and thus the amount of computing power required.¬† 
 While these technologies hold potential, they‚Äôre still in the nascent stages of development. Meanwhile, the energy needed to train AI models is doubling every three to four months,  according to OpenAI .¬†¬† 
 ‚ÄúFor these computing solutions to scale in Europe, we need a lot of venture capital but also government backing,‚Äù said Saharova. She believes that Europe needs to allocate about  ‚Ç¨1 trillion to bring climate tech, including green computing, to the ‚Äúlevel it needs to be.‚Äù¬† 
 The future of AI will be a hot topic at  TNW Conference , which takes place on June 19-20 in Amsterdam.  Tickets¬†for the event are  now on sale . Use the code TNWXMEDIA2025 at the check-out to get 30% off the price tag. 
                         

                         
                             
                                 

                                 
                                     
                                 
                             
                             
                                 
                                     
                                        Story by
                                     

                                     
                                         
                                            Si√¥n Geschwindt
                                         
                                     
                                 

                                
                                                                     
                                         

                                         
                                            Si√¥n is a climate and energy reporter at TNW. From nuclear fusion to escooters, he covers the length and breadth of Europe's clean tech ecos

                                                                                             
                                                    (show all)
                                                 
                                                                                     

                                         
                                            Si√¥n is a climate and energy reporter at TNW. From nuclear fusion to escooters, he covers the length and breadth of Europe's clean tech ecosystem. He's happiest sourcing a scoop, investigating the impact of emerging technologies, and even putting them to the test. Si√¥n has five years journalism experience and holds a dual degree in media and environmental science from the University of Cape Town, South Africa.
                                         
                                     
                                                             
                         

                         
                                                         Get the TNW newsletter 
                             Get the most important tech news in your inbox each week. 
                             
                         

                        
                                                     Also tagged with 

                             

                             
                                                                     
                                         climate change 
                                     
                                                                     
                                         Quantum computers 
                                     
                                                                     
                                         startups 
                                     
                                                             
                        
                         
                             
                                Published  April 1, 2025 - 11:30 am UTC 
                             

                             Back to top",https://thenextweb.com/news/soaring-ai-energy-use-sparks-call-to-fundamentally-redesign-computing
c3a450d8c0d8fc40c01eedcb868c6bf5eb348a7a9264da395fa321b5cd67b33c,Ecosystems,The day a Russian missile hit a Ukrainian tech giant,MacPaw is fighting back by preserving Ukraine's IT legacy,"April 2, 2025 - 7:00 am","Every entrepreneur has to overcome obstacles, but few have faced the challenges of Oleksandr Kosovan. As the founder and CEO of Ukrainian scaleup MacPaw, Kosovan runs his business in a country under invasion. The company has even been hit by missile barrages. 
 As relentless Russian bombing and shelling pummel Ukraine, his team presses on with their work. In October, they released a new version of CleanMyMac, MacPaw‚Äôs flagship maintenance and optimisation product.¬† 
 ‚ÄúIt was completely developed during the war,‚Äù Kosovan tells TNW on a video call from his home in Kyiv. 
 The software earned  rave   reviews . But two months later, the horrors of war arrived at MacPaw‚Äôs doorstep. 
 On a cold December morning, another devastating Russian ballistic missile attack struck Kyiv. The explosion hit MacPaw‚Äôs headquarters, shattering the building‚Äôs facade, windows, and engineering equipment. According to the rescue services, one person was killed in the attack.¬† TNW Conference - The 2025 Agenda has just touched down Discover the insightful and dare we say controversial sessions that will take place June 19-20. 
                         Check It Out 
                     
 Kosovan was en route to an event when a message about the strike appeared on his phone. 
 ‚ÄúThe only thing we could do is initiate our emergency procedures,‚Äù Kosovan says. ‚ÄúWe had plans for this risk and they helped us to organise actions ‚Äî because people were panicked. They didn‚Äôt know what to do.‚Äù 
 Safety measures were swiftly implemented, emergency checks conducted, and recovery steps taken. The next day, MacPaw gained access to the office building. Staff worked alongside emergency services to salvage equipment and prevent further damage.¬† 
 The company‚Äôs office spans three floors of the building. The hardest hit of them is still not operational, but the others have reopened. Staff are already working in them again. 
 MacPaw‚Äôs wartime adaptations had given the business a head start on the recovery. Many team members were already working remotely. Processes had become highly automated. Staff were spread out geographically and shifts were scheduled to cover all critical roles during emergencies and military call-ups. 
 While the missile strike was traumatic, MacPaw had been prepared. 
 Preparing for war 
 Numerous buildings were damaged by the missile strike. Credit: MacPaw 
 As Russian troops amassed on the border with Ukraine in late 2021, MacPaw began disaster planning.¬† 
 The company devised mitigation measures for various threats, from cyber attacks to Russian forces taking control of the office. An emergency team was formed from each product and service unit, with members based either outside Ukraine or in the country‚Äôs safer western regions. 
 Communications security was beefed up, with Signal adopted as a new messaging service. Office infrastructure was moved entirely to the cloud. Satellite internet was set up to cover the risk of internet loss. The company then waited for reports on Russia‚Äôs military moves. 
 On day one of the full-scale invasion in February 2022, MacPaw activated its risk mitigation plan. 
 ‚ÄúWe had to refocus our priorities,‚Äù Kosovan says. ‚ÄúThe first of them was, of course, the safety of our people, and then the continuity of our business.‚Äù 
 A code freeze regime was implemented for all products and infrastructure, with no changes permitted without prior approval from the emergency team. 
 Hardware management strategies also shifted. With supply chains disrupted, new laptops now had to be sourced from abroad. At times, system administrators had to drive to remote locations and personally deliver laptops to team members. 
 As wartime conditions became routine, the team adapted to their new reality. Nowadays, their biggest challenge is Russia‚Äôs relentless attacks on Ukrainian energy infrastructure. 
 The strikes cause frequent and protracted power outages. In MacPaw‚Äôs home town of Kyiv, daily blackouts of eight hours have become commonplace, leading more team members to work from the office. To keep operations running, the company has installed extra power and internet access lines. A backup generator has also been acquired, alongside an uninterrupted internet access point via Starlink. 
 ‚ÄúStarlink helps a lot,‚Äù Kosovan says. ‚ÄúIt is one of the saving factors for Ukraine.‚Äù 
 The new measures have kept MacPaw‚Äôs systems running throughout Russia‚Äôs attacks on Ukraine‚Äôs power grid. But the human impacts have been harder to resolve. 
 
 The recovery process 
 Windows have been covered in wooden panels to protect what remained inside MacPaw‚Äôs office. Credit: MacPaw 
 Although no MacPaw staff were physically harmed in the missile attack, the psychological toll has been profound. 
 ‚ÄúThe greatest challenge we and many other companies are facing here right now is not the destruction of the offices, but the exhaustion of these people,‚Äù says Kosovan. ‚ÄúMentally, this is very hard to process. People are breaking sometimes, and it is very hard to predict and help them.‚Äù 
 For months, staff in Kyiv have endured air strikes day and night. ‚ÄúPeople cannot sleep normally because they always hear these explosions in the air‚Ä¶They don‚Äôt know whether the next night a drone will hit their house or not.‚Äù 
 The brutality of the December missile attack was a stark contrast to the previous day at MacPaw. Staff had been preparing holiday gifts for  Children of Heroes , an organisation that supports Ukrainian children who have lost parents in the war. 
 Through the  MacPaw Foundation , the company also provides Ukrainians with non-lethal aid, including protective gear, IT equipment, and medical supplies. Since 2022, the non-profit has distributed over $12mn in total support 
 Alongside the humanitarian projects, Kosovan is helping to sustain the country‚Äôs IT sector. He‚Äôs personally invested in almost 20 Ukrainian businesses, including Osavul, a Kyiv-based AI  startup  that analyses information threats. 
 Formed to counter Russian propaganda, Osavul now offers services to governments and businesses alike. ‚ÄúOur goal is to review the narratives, show which of them are dangerous, and then give you all the intelligence to understand what you can do,‚Äù Dmytro Bilash, the startup‚Äôs co-founder,  told TNW  last year. 
 In combat zones, Ukrainian tech also has a powerful impact. Innovations range from a growing fleet of domestic drones to Delta, a battlefield management system. Developed by the military, the  software  combines a variety of tools, from digital maps to secure communications.¬† 
 Ukrainian Army Lieutenant Colonel Yelyzaveta Boiko describes the system as ‚ÄúGoogle for the military.‚Äù ‚ÄúGoogle helps to organise your workspace, DELTA helps to organise your war space,‚Äù she  said  last year. 
 Beyond the theatre of war, MacPaw has sought to preserve Ukraine‚Äôs tech heritage. The latest result is  Innovation in Isolation  ‚Äî¬†a book that chronicles the country‚Äôs IT history. 
 The past and future of Ukrainian tech 
 Oleksandr Kosovan remains optimistic about the future of Ukrainian IT. Credit: MacPaw 
 Released in Europe and the US last month,  Innovation in Isolation  explores Ukrainian tech from the 1940s to today. 
 Through archival research, interviews with IT luminaries, and vivid photography, the book unravels the country‚Äôs digital evolution. The stories span from cybernetics pioneers to modern innovators such as Grammarly and  Reface .¬† 
 All proceeds from the book will go to humanitarian relief efforts through the MacPaw Foundation. Yet the project is not solely a charitable endeavour.¬† 
 ‚ÄúIt‚Äôs also important to talk about the history, because we all see how Russia tries to change the past by rewriting the history and claiming a lot of things as their own,‚Äù says Kosovan. 
 ‚ÄúMany things that were considered to be built in Russia or USSR were actually created by Ukrainians and Ukraine. This partially explains why there are so many great tech companies from Ukraine. We have a very rich heritage.‚Äù¬† 
 Even after missile strikes, that heritage continues to flourish. 
 ‚ÄúThere are many companies that emerge in these hard times,‚Äù Kosovan says. ‚ÄúHard times produce strong people. If companies can survive, despite the war and all its challenges, the company has a long-term future.‚Äù 
                         

                         
                             
                                 

                                 
                                     
                                 
                             
                             
                                 
                                     
                                        Story by
                                     

                                     
                                         
                                            Thomas Macaulay
                                         
                                     
                                 

                                                                     
                                        Managing editor
                                     
                                
                                                                     
                                         

                                         
                                            Thomas is the managing editor of TNW. He leads our coverage of European tech and oversees our talented team of writers. Away from work, he e

                                                                                             
                                                    (show all)
                                                 
                                                                                     

                                         
                                            Thomas is the managing editor of TNW. He leads our coverage of European tech and oversees our talented team of writers. Away from work, he enjoys playing chess (badly) and the guitar (even worse).
                                         
                                     
                                                             
                         

                         
                                                         Get the TNW newsletter 
                             Get the most important tech news in your inbox each week. 
                             
                         

                        
                                                     Also tagged with 

                             

                             
                                                                     
                                         software 
                                     
                                                                     
                                         startups 
                                     
                                                             
                        
                         
                             
                                Published  April 2, 2025 - 7:00 am UTC 
                             

                             Back to top",https://thenextweb.com/news/macpaw-survives-missile-strike-to-power-ukraine-tech-legacy
ac056dafea41abf834bfff8276a7102d59a8f616f3c5c9f584038429c7d82cdf,Deep tech,"DeepMind‚Äôs new research restrictions threaten AI innovation, warns Iris.ai CEO",New rules at Google DeepMind could slow down the pace of AI progress,"April 2, 2025 - 5:43 pm","Google DeepMind‚Äôs reported clampdown on sharing research will stifle AI innovation, warns the CEO of Iris.ai, one of Europe‚Äôs leading startups in the space. 
 The UK-based lab has tightened its rules on releasing AI studies,  the  Financial Time s reported  this week.  Citing seven current and former DeepMind scientists, the newspaper said the company has introduced stricter vetting and additional bureaucracy, making it harder to publish research . The changes aim to protect the company‚Äôs edge in AI, the sources said. 
 Acquired by Google  in 2014 , DeepMind has long been a leader in computer science breakthroughs. In recent years, however, the lab has faced increasing competition from the likes of OpenAI and DeepSeek.  Under growing pressure to stay ahead, the company is reportedly erecting new barriers around its innovations and reputation. 
 The new constraints have alarmed  Anita Schj√∏ll Abildgaard , co-founder and CEO of  Iris.ai , a Norwegian startup developing an AI-powered  engine for science . She fears DeepMind‚Äôs restrictions will hinder technological advances. 
 TNW Conference - The 2025 Agenda has just touched down Discover the insightful and dare we say controversial sessions that will take place June 19-20. 
                         Check It Out 
                     ‚ÄúDeepMind‚Äôs decision marks the end of an era of openness and collaboration in AI research,‚Äù she said. 
 The impact on AI 
 On first impression, the changes at DeepMind may appear beneficial for other AI labs. The company‚Äôs pioneering  innovations  and enormous citation counts have overshadowed other researchers in the field, who could now receive a larger share of the spotlight. But Abildgaard warns the drawbacks will far outweigh the benefits. 
 ‚ÄúResearchers across industries will have less access to DeepMind‚Äôs undoubtedly impressive work,‚Äù she said. 
 She pointed to the example of DeepMind‚Äôs  AlphaFold , a system that predicts protein structure with remarkable accuracy. The software has been  hailed  as a solution to one of biology‚Äôs biggest mysteries, with potential to fuel countless advances, from discovering new drugs to tackling climate change. 
 ‚ÄúIt‚Äôs hard to imagine projects of this importance being released so readily under this new diktat,‚Äù Abildgaard said. 
 The impacts, she warned, could be severe. In response, she urged AI companies to strengthen their commitment to openness. 
 ‚ÄúEurope, in particular, has one of the most fertile open-source research communities in the world,‚Äù she said. ‚ÄúAs DeepMind looks inwards, smaller research communities can differentiate themselves from the American giants by embracing collaboration.‚Äù 
 Europe‚Äôs AI sector features prominently in the  agenda  for¬† TNW Conference , which takes place on June 19-20 in Amsterdam.  Tickets¬†for the event are  now on sale . Use the code TNWXMEDIA2025 at the check-out to get 30% off the price tag. 
                         

                         
                             
                                 

                                 
                                     
                                 
                             
                             
                                 
                                     
                                        Story by
                                     

                                     
                                         
                                            Thomas Macaulay
                                         
                                     
                                 

                                                                     
                                        Managing editor
                                     
                                
                                                                     
                                         

                                         
                                            Thomas is the managing editor of TNW. He leads our coverage of European tech and oversees our talented team of writers. Away from work, he e

                                                                                             
                                                    (show all)
                                                 
                                                                                     

                                         
                                            Thomas is the managing editor of TNW. He leads our coverage of European tech and oversees our talented team of writers. Away from work, he enjoys playing chess (badly) and the guitar (even worse).
                                         
                                     
                                                             
                         

                         
                                                         Get the TNW newsletter 
                             Get the most important tech news in your inbox each week. 
                             
                         

                        
                                                     Also tagged with 

                             

                             
                                                                     
                                         Artificial intelligence 
                                     
                                                                     
                                         Innovation 
                                     
                                                             
                        
                         
                             
                                Published  April 2, 2025 - 5:43 pm UTC 
                             

                             Back to top",https://thenextweb.com/news/deepmind-research-restrictions-harm-ai-innovation
b4b62ea388d6f10fd1fbe9d9f948eaeba3fe50d9a8b4f1a9ff127775e258f48d,Sustainability,We rode a remote-driven EV through Berlin. Is this the future of car sharing?,"Vay's remote-driven cars could offer a superior form of car sharing, but in Europe the service is stuck in a traffic jam of red tape","April 3, 2025 - 3:58 pm","‚ÄúHello, I will be your driver for today,‚Äù says Bartek Szurgot, a software engineer at German startup Vay and my chauffeur for this ride. He disengages the handbrake, gently presses the accelerator and the new Kia Niro EV I‚Äôm sitting in slowly pulls out of the parking lot.¬†¬†¬† 
 As we approach the first intersection, Bartek indicates, turns the steering wheel, makes his observations, and drives out onto a busy road near the centre of Berlin. So far, pretty standard  ‚Äî except for one big difference. 
 Bartek isn‚Äôt in the car. He‚Äôs in an office a few blocks away, controlling the vehicle like a high-tech puppeteer. 
 
 Remote operators like  Bartek  command Vay‚Äôs cars  from a video game-style  station equipped with a driver‚Äôs seat, steering wheel, pedals, and three monitors providing visibility in front of the car and to its side.¬† 
 3 free tickets to TNW Conference? Get them now! For a limited time, groups can get up to three extra free tickets! Book now and increase your visibility and connections at TNW Conference 
                         Get Tickets 
                     Road traffic sounds, such as emergency vehicle sirens and other warning signals, are transmitted via microphones to the teledriver‚Äôs headphones. Operators could be sitting on the other side of the world.¬† 
 Vay has developed a proprietary hardware and  software  system called ‚Äúdrive-by-wire‚Äù that communicates with the car‚Äôs key controls, including the steering wheel, brake, and gear shifter. Electrical signals transmitted from the remote operating station tell the system what to do, enabling the car to mirror the remote driver‚Äôs actions in real time.¬† 
 Redundant mobile networks  transmit the data. In the event of a network failure or emergency, the vehicle automatically comes to a safe stop. 
 Vay‚Äôs remote drivers spend most of their time delivering vehicles to customers, who hail the cars on an app. After the car arrives, users take the wheel and drive themselves.¬† 
 Teledrivers control the cars from remote locations. Credit: Si√¥n Geschwindt 
 Customers can use the car for a short trip, hours, days, or even longer. Once they‚Äôre done, they stop the car safely in the road, apply the handbrake, get out, and carry on with their day. Then, a remote operator takes over again and drives on to the next client.¬†¬†¬† 
 As anyone familiar with autonomous vehicles will know, watching a car drive itself takes some getting used to. Knowing that my ‚Äúdriver‚Äù was blocks away, steering through screens and sensors, made every turn feel surreal. But once you get used to it, the ride is almost disappointingly normal ‚Äî I suppose that‚Äôs the point.¬†¬† 
 Vay‚Äôs tech is impressive, no doubt, but in Europe, regulators may strangle its potential before it ever scales. Meanwhile, across the Atlantic, Vay is accelerating. 
 Vay already has  a 40-strong fleet of remote-controlled cars in Las Vegas. In Berlin and across Europe, though, progress has been slower, with no commercial service in place yet.¬† 
 Due to regulatory red tape, Vay is limited to test drives only and is required to keep a safety driver onboard. It has previously received an exemption, though.  In 2023, it used one such regulatory hall pass to become  the first company  to operate a car on a European public road without a person inside. ¬† 
 However, the German government hands out such permits sparingly. That‚Äôs why I couldn‚Äôt take the wheel on our test drive. That was Graeme‚Äôs job, our safety driver for the trip. Nevertheless, it gave me a firm idea of what to expect. 
 Cameras are attached to Vay‚Äôs cars. Credit: Si√¥n Geschwindt 
 The future of car sharing? 
 When I first heard of Vay‚Äôs remote driving concept a couple of years back, I was skeptical. The company touted the benefits: less hassle, cheaper fares, better working conditions for workers. But it seemed like a business model at risk of fading into irrelevancy once self-driving cars went mainstream. 
 But with my mind fixated on the paradigms of ride-hailing on one hand and full autonomy on the other, I may have overlooked that Vay was doing something radically different. 
 ‚ÄúWe‚Äôre creating a whole new category of mobility,‚Äù Thomas von der Ohe, Vay‚Äôs CEO  and co-founder, tells me from the company‚Äôs headquarters in Berlin. After spending years  in the Bay area building self-driving cars, he came back to Europe, founding Vay in 2018 alongside Fabrizio Scelsi and Bogdan Djukic.¬† 
 Vay‚Äôs rides in Las Vegas cost about half as much as  Uber . Von der Ohe says they keep prices low by reducing driver labour costs. With ride-hailing services, it‚Äôs one driver, one car. But a single Vay driver can oversee up to 10 vehicles on any given day. When they drop one car at a customer, the drivers can ‚Äúteleport‚Äù and gain control of another vehicle.¬† 
 Vay could offer a taxi-style service where passengers ride in the back, but that would cut into profits and drive up prices. That‚Äôs why letting customers drive themselves makes business sense, says Von der Ohe.¬† 
 Vay aims to make its biggest impact in car sharing and rentals, not ride-hailing. Von der Ohe says the company can match average car rental prices in Germany while helping rental firms cut costs by reducing the need for large parking facilities, especially at busy airports.¬† 
 Vay also hopes to provide a better version of car sharing. Customers don‚Äôt need to pick up or park their cars ‚Äî major hassles in dense European cities. Fleet owners can keep vehicles in use longer, and Von der Ohe believes the model could even reduce private car ownership in urban areas.¬† 
 All this makes for a compelling value proposition. Vay has raised $150mn in funding so far, including  ‚Ç¨34mn  ($37mn) from  the European Investment Bank.¬† 
 But there are still many potholes in the road. Outside Las Vegas, Vay is still unproven ‚Äî and regulatory red tape isn‚Äôt making things easier.¬† 
 In Europe, governments have been slow to adopt rules for remotely driven cars. Currently, the vehicles are subject to much the same guidelines as autonomous vehicles ‚Äî which are patchy at best. ¬† 
 ‚ÄúWe have the tech, it works, it could be all over Berlin and Europe,‚Äù says Von der Ohe. ‚ÄúBut politics get in the way, there‚Äôs no consensus. It‚Äôs just so weird.‚Äù¬† 
 Vay has completed over 10,000 trips in Vegas and  plans to scale its fleet of remote-controlled Kia Niros to 100 this year.  The company  recently secured a new production facility in Sin City where it will retrofit the cars with its drive-by-wire system and a relatively inexpensive set of cameras. To fund the expansion, the company is also lining up another funding round, says Von der Ohe. 
 After my test drive, I called an Uber to take me to Berlin Brandenburg Airport. As it rolled up, I couldn‚Äôt help but wish it arrived empty ‚Äî just waiting for me to jump in and take the wheel. Maybe one day. But for now, if I want that future, I‚Äôll have to book a ticket to Vegas.  
                         

                         
                             
                                 

                                 
                                     
                                 
                             
                             
                                 
                                     
                                        Story by
                                     

                                     
                                         
                                            Si√¥n Geschwindt
                                         
                                     
                                 

                                
                                                                     
                                         

                                         
                                            Si√¥n is a climate and energy reporter at TNW. From nuclear fusion to escooters, he covers the length and breadth of Europe's clean tech ecos

                                                                                             
                                                    (show all)
                                                 
                                                                                     

                                         
                                            Si√¥n is a climate and energy reporter at TNW. From nuclear fusion to escooters, he covers the length and breadth of Europe's clean tech ecosystem. He's happiest sourcing a scoop, investigating the impact of emerging technologies, and even putting them to the test. Si√¥n has five years journalism experience and holds a dual degree in media and environmental science from the University of Cape Town, South Africa.
                                         
                                     
                                                             
                         

                         
                                                         Get the TNW newsletter 
                             Get the most important tech news in your inbox each week. 
                             
                         

                        
                                                     Also tagged with 

                             

                             
                                                                     
                                         software 
                                     
                                                                     
                                         autonomous vehicles 
                                     
                                                                     
                                         Uber 
                                     
                                                             
                        
                         
                             
                                Published  April 3, 2025 - 3:58 pm UTC 
                             

                             Back to top",https://thenextweb.com/news/we-test-rode-vay-remote-driven-ev-car-sharing
cb1926433c9f8cb6d39cbda4f160f79b468a648ba346e2b6439234736fce57a2,Ecosystems,European tech warns Trump tariffs will hit both hardware and software,The new measures have sparked various fears among European startups,"April 3, 2025 - 4:38 pm","Europe‚Äôs tech industry is bracing for impact after the Trump administration announced sweeping tariffs yesterday. 
 The US slapped a 20% tariff on imports from the EU ‚Äî twice the rate for the UK. Switzerland fared even worse, receiving a hefty 32% levy.¬† 
 Several European tech firms,  investors , and analysts told TNW that the measures could disrupt supply chains, force pricing adjustments, and stem the flow of transatlantic VC capital ‚Äî plunging European tech companies big and small into uncertainty. 
 ‚ÄúTrump‚Äôs trade tariffs will have a huge impact on the global tech landscape, forcing startups to reconsider their headquarters and assess alternative markets,‚Äù said Louis Fearn, principal and sustainability lead at InMotion Ventures, the investment arm of Jaguar Land Rover.¬†¬† 
 TNW Conference - The 2025 Agenda has just touched down Discover the insightful and dare we say controversial sessions that will take place June 19-20. 
                         Check It Out 
                     For companies with hardware-dependent models, the tariffs represent a major cost challenge. Miika M√§kitalo, CEO of Finnish firm HappyOrNot, which makes customer feedback terminals, noted that nearly half of the company‚Äôs business is across the pond. He said the tariffs might force the firm to consider ‚Äúinitiating assembly and production in the United States.‚Äù 
 Although the tariffs only apply to physical goods, service-based startups will also feel the impact.¬† 
 Benjamin Avraham, founder and CEO of Swiss fintech Okoora, said there are many ‚Äúsecondary effects‚Äù that will harm the ‚Äúsmaller startup community‚Äù indirectly. These include changes in supply chains, barriers to VC investments, and increased volatility in exchange rates.¬†¬† 
 Software could also suffer from additional constraints. Amanda Brock, CEO at open-source lobby group OpenUK, said that while software has long been characterised as an intangible service, it ‚Äúmay be subject to other trade restrictions.‚Äù¬† 
 The fallout has already begun. Trump‚Äôs tariffs have sent markets into disarray and risk compounding existing tensions in global trade. Stocks  have plunged  around the world and countries  have promised  retaliatory measures. ‚ÄúThe newly announced blanket tariffs by President Trump create more uncertainty in the global tech industry,‚Äù said Martin Hartley, Group CCO of international tech consultancy Emagine. ‚ÄúThese measures could make businesses in the EU avoid the US altogether to sidestep additional costs.‚Äù 
 For European startups, the tariffs may force a stark strategic choice. ‚ÄúTrump is playing with fire,‚Äù warned Matt Penneycard, partner at UK-based Ada Ventures. ‚ÄúStartups selling to US customers now face two options: anchor in Europe and embrace its stability, or find ways to maintain access to the States by setting up operations there.‚Äù¬† 
 He added that this moment could be an opportunity for Europe. ‚ÄúAs the US becomes a tougher place to operate, top talent may follow stability ‚Äî this is Europe‚Äôs moment to build a new Silicon Valley.‚Äù 
 European startups are the heartbeat of  TNW Conference , which takes place on June 19-20 in Amsterdam.  Tickets¬†for the event are  now on sale . Use the code TNWXMEDIA2025 at the check-out to get 30% off the price tag. 
                         

                         
                             
                                 

                                 
                                     
                                 
                             
                             
                                 
                                     
                                        Story by
                                     

                                     
                                         
                                            Si√¥n Geschwindt
                                         
                                     
                                 

                                
                                                                     
                                         

                                         
                                            Si√¥n is a climate and energy reporter at TNW. From nuclear fusion to escooters, he covers the length and breadth of Europe's clean tech ecos

                                                                                             
                                                    (show all)
                                                 
                                                                                     

                                         
                                            Si√¥n is a climate and energy reporter at TNW. From nuclear fusion to escooters, he covers the length and breadth of Europe's clean tech ecosystem. He's happiest sourcing a scoop, investigating the impact of emerging technologies, and even putting them to the test. Si√¥n has five years journalism experience and holds a dual degree in media and environmental science from the University of Cape Town, South Africa.
                                         
                                     
                                                             
                         

                         
                                                         Get the TNW newsletter 
                             Get the most important tech news in your inbox each week. 
                             
                         

                        
                                                     Also tagged with 

                             

                             
                                                                     
                                         Investor 
                                     
                                                                     
                                         Europe 
                                     
                                                                     
                                         Fintech 
                                     
                                                                     
                                         startups 
                                     
                                                             
                        
                         
                             
                                Published  April 3, 2025 - 4:38 pm UTC 
                             

                             Back to top",https://thenextweb.com/news/european-tech-warns-trump-tariffs-will-hit-hardware-and-software
